<?xml version="1.0" encoding="UTF-8"?>
<Root_element>
<Jokes>
<category>Programming</category>
<joke>Why don't scientists trust atoms? Because they make up everything!</joke>
</Jokes>
<Jokes>
<category>Animal Crossing</category>
<joke>Parallel lines have so much in common. It's a shame they'll never meet.</joke>
</Jokes>
<Jokes>
<category>Religion</category>
<joke>I used to play piano by ear, but now I use my hands.</joke>
</Jokes>
<Jokes>
<category>Political</category>
<joke>Did you hear about the mathematician who's afraid of negative numbers? He'll stop
at nothing to avoid them.</joke>
</Jokes>
<Jokes>
<category>Food</category>
<joke>What do you call a fish with no eyes? Fsh.</joke>
</Jokes>
<Jokes>
<category>Geography</category>
<joke>I'm on a seafood diet. I see food, and I eat it.</joke>
</Jokes>
<Jokes>
<category>Celebrity</category>
<joke>Why did the scarecrow win an award? Because he was outstanding in his field!</joke>
</Jokes>
<Jokes>
<category>Spooky</category>
<joke>What's orange and sounds like a parrot? A carrot.</joke>
</Jokes>
<Jokes>
<category>Miscellaneous</category>
<joke>How do you organize a space party? You "planet"!</joke>
</Jokes>
<Jokes>
<category>Math Movies</category>
<joke>How does a penguin build its house? Igloos it together!</joke>
</Jokes>
<Jokes>
<category>Miscellaneous</category>
<joke>Why did the bicycle fall over? Because it was two-tired.</joke>
</Jokes>
<Jokes>
<category>Sports Movies</category>
<joke>I'm reading a book on anti-gravity. It's impossible to put down!</joke>
</Jokes>
<Jokes>
<category>History Movies</category>
<joke>What did the grape say when it got stepped on? Nothing, it just let out a little whine.</joke>
</Jokes>
<Jokes>
<category>Music Movies</category>
<joke>Want to hear a construction joke? Sorry, I'm still building</joke>
</Jokes>
<Jokes>
<category>Pokemon</category>
<joke>What do you call a snowman with a six-pack? An abdominal snowman.</joke>
</Jokes>
<Jokes>
<category>Animal Movies</category>
<joke>Parallel lines have so much in common. It's a shame they'll never meet.</joke>
</Jokes>
<Jokes>
<category>Christmas Movies</category>
<joke>I used to play piano by ear, but now I use my hands.</joke>
</Jokes>
<Jokes>
<category>Science Movies</category>
<joke>Did you hear about the mathematician who's afraid of negative numbers? He'll stop
at nothing to avoid them.</joke>
</Jokes>
<Jokes>
<category>Science</category>
<joke>What do you call a fish with no eyes? Fsh.</joke>
</Jokes>
<Jokes>
<category>New Year</category>
<joke>I'm on a seafood diet. I see food, and I eat it.</joke>
</Jokes>
<Jokes>
<category>Halloween</category>
<joke>Why did the scarecrow win an award? Because he was outstanding in his field!</joke>
</Jokes>
<Jokes>
<category>Miscellaneous</category>
<joke>What's orange and sounds like a parrot? A carrot.</joke>
</Jokes>
<Jokes>
<category>Valentine's Day</category>
<joke>How do you organize a space party? You "planet"!</joke>
</Jokes>
<Jokes>
<category>Miscellaneous</category>
<joke>How does a penguin build its house? Igloos it together!</joke>
</Jokes>
<Jokes>
<category>Math</category>
<joke>Why did the bicycle fall over? Because it was two-tired.</joke>
</Jokes>
<Jokes>
<category>Miscellaneous</category>
<joke>Miscellaneous</joke>
</Jokes>
<Jokes>
<category>Christmas</category>
<joke>What did the grape say when it got stepped on? Nothing, it just let out a little whine.</joke>
</Jokes>
<Jokes>
<category>Miscellaneous</category>
<joke>Want to hear a construction joke? Sorry, I'm still building it.</joke>
</Jokes>
<Jokes>
<category>Dark</category>
<joke>What do you call a snowman with a six-pack? An abdominal snowman.</joke>
</Jokes>
<Jokes>
<category>Miscellaneous</category>
<joke>Why don't scientists trust atoms? Because they make up everything!</joke>
</Jokes>
</Root_element>